config,seed,seconds
neat,1,3.139
neat,2,2.653
neat,3,4.712
neat,4,8.774
neat,5,6.119
neat,6,6.517
neat,7,4.722
neat,8,7.833
neat,9,10.395
neat,10,2.673
neat,11,7.241
neat,12,2.965
neat,13,7.809
neat,14,8.656
neat,15,5.335
neat,16,8.224
neat,17,2.966
neat,18,4.447
neat,19,7.844
neat,20,6.085
neat,21,3.158
neat,22,6.537
neat,23,5.897
neat,24,4.861
neat,25,9.869
neat,26,6.132
neat,27,3.279
neat,28,4.873
neat,29,5.912
neat,30,9.277
ga-default,1,0.955
ga-default,2,0.796
ga-default,3,0.736
ga-default,4,0.683
ga-default,5,0.896
ga-default,6,0.739
ga-default,7,0.746
ga-default,8,0.729
ga-default,9,0.765
ga-default,10,1.212
ga-default,11,0.704
ga-default,12,0.764
ga-default,13,1.451
ga-default,14,1.395
ga-default,15,0.747
ga-default,16,0.725
ga-default,17,0.671
ga-default,18,1.312
ga-default,19,0.719
ga-default,20,0.620
ga-default,21,0.724
ga-default,22,0.692
ga-default,23,0.686
ga-default,24,0.871
ga-default,25,0.693
ga-default,26,1.477
ga-default,27,0.999
ga-default,28,0.663
ga-default,29,0.675
ga-default,30,0.684
ga-tournament,1,0.956
ga-tournament,2,1.347
ga-tournament,3,0.906
ga-tournament,4,0.813
ga-tournament,5,0.904
ga-tournament,6,0.711
ga-tournament,7,1.344
ga-tournament,8,0.666
ga-tournament,9,0.889
ga-tournament,10,0.756
ga-tournament,11,0.768
ga-tournament,12,0.885
ga-tournament,13,1.118
ga-tournament,14,1.219
ga-tournament,15,0.715
ga-tournament,16,0.834
ga-tournament,17,0.699
ga-tournament,18,0.725
ga-tournament,19,0.939
ga-tournament,20,0.980
ga-tournament,21,1.263
ga-tournament,22,0.752
ga-tournament,23,0.753
ga-tournament,24,0.674
ga-tournament,25,1.370
ga-tournament,26,0.763
ga-tournament,27,1.108
ga-tournament,28,0.862
ga-tournament,29,0.762
ga-tournament,30,1.304
ga-ranking-nonuniform,1,0.774
ga-ranking-nonuniform,2,0.763
ga-ranking-nonuniform,3,1.106
ga-ranking-nonuniform,4,1.477
ga-ranking-nonuniform,5,0.722
ga-ranking-nonuniform,6,0.677
ga-ranking-nonuniform,7,0.643
ga-ranking-nonuniform,8,0.679
ga-ranking-nonuniform,9,0.653
ga-ranking-nonuniform,10,1.037
ga-ranking-nonuniform,11,0.703
ga-ranking-nonuniform,12,0.742
ga-ranking-nonuniform,13,1.281
ga-ranking-nonuniform,14,0.986
ga-ranking-nonuniform,15,0.708
ga-ranking-nonuniform,16,0.674
ga-ranking-nonuniform,17,0.699
ga-ranking-nonuniform,18,0.992
ga-ranking-nonuniform,19,1.039
ga-ranking-nonuniform,20,0.720
ga-ranking-nonuniform,21,0.694
ga-ranking-nonuniform,22,0.683
ga-ranking-nonuniform,23,0.698
ga-ranking-nonuniform,24,1.257
ga-ranking-nonuniform,25,0.786
ga-ranking-nonuniform,26,0.715
ga-ranking-nonuniform,27,0.681
ga-ranking-nonuniform,28,1.054
ga-ranking-nonuniform,29,1.047
ga-ranking-nonuniform,30,0.740
ga-roulette-sigma,1,1.159
ga-roulette-sigma,2,1.198
ga-roulette-sigma,3,0.769
ga-roulette-sigma,4,0.877
ga-roulette-sigma,5,0.673
ga-roulette-sigma,6,0.998
ga-roulette-sigma,7,0.685
ga-roulette-sigma,8,1.022
ga-roulette-sigma,9,0.666
ga-roulette-sigma,10,1.185
ga-roulette-sigma,11,0.955
ga-roulette-sigma,12,1.096
ga-roulette-sigma,13,1.242
ga-roulette-sigma,14,0.798
ga-roulette-sigma,15,0.681
ga-roulette-sigma,16,0.715
ga-roulette-sigma,17,1.001
ga-roulette-sigma,18,0.818
ga-roulette-sigma,19,0.691
ga-roulette-sigma,20,0.670
ga-roulette-sigma,21,0.693
ga-roulette-sigma,22,0.682
ga-roulette-sigma,23,0.962
ga-roulette-sigma,24,1.111
ga-roulette-sigma,25,1.150
ga-roulette-sigma,26,0.698
ga-roulette-sigma,27,0.741
ga-roulette-sigma,28,0.713
ga-roulette-sigma,29,0.840
ga-roulette-sigma,30,1.055
